epoch,loss,val_loss
0,0.3961966537833377,0.23920972645282745
1,0.3518835340944524,0.3615766763687134
2,0.3263910825256091,0.33711400628089905
3,0.31238727715693665,0.1682167649269104
4,0.29310336201092024,0.0032780368346720934
5,0.275522314430355,0.2445799559354782
6,0.26364098172646533,0.5063015222549438
7,0.2537212400583006,0.18113084137439728
8,0.24548790255166922,0.4458085298538208
9,0.2338999521341657,0.5624991655349731
